Dejounte Murray,28,77,ATL,G,5,https://www.basketball-reference.com/req/202106291/images/headshots/murrade01.jpg
Bogdan Bogdanovic,32,77,ATL,G,13,https://www.basketball-reference.com/req/202106291/images/headshots/bogdabo01.jpg
Saddiq Bey,25,79,ATL,F,41,https://www.basketball-reference.com/req/202106291/images/headshots/beysa01.jpg
Clint Capela,30,82,ATL,C,15,https://www.basketball-reference.com/req/202106291/images/headshots/capelca01.jpg
Onyeka Okongwu,24,80,ATL,C,17,https://www.basketball-reference.com/req/202106291/images/headshots/okongon01.jpg
Trae Young,26,73,ATL,G,11,https://www.basketball-reference.com/req/202106291/images/headshots/youngtr01.jpg
Garrison Mathews,28,77,ATL,G,25,https://www.basketball-reference.com/req/202106291/images/headshots/mathega01.jpg
Jalen Johnson,23,81,ATL,F,1,https://www.basketball-reference.com/req/202106291/images/headshots/johnsja05.jpg
De'Andre Hunter,27,80,ATL,F,12,https://www.basketball-reference.com/req/202106291/images/headshots/huntede01.jpg
Bruno Fernando,26,81,ATL,C,24,https://www.basketball-reference.com/req/202106291/images/headshots/fernabr01.jpg
Trent Forrest,26,76,ATL,G,2,https://www.basketball-reference.com/req/202106291/images/headshots/forretr01.jpg
Wesley Matthews,38,77,ATL,G,32,https://www.basketball-reference.com/req/202106291/images/headshots/matthwe02.jpg
AJ Griffin,21,78,ATL,F,14,https://www.basketball-reference.com/req/202106291/images/headshots/griffaj01.jpg
Kobe Bufkin,21,76,ATL,G,4,https://www.basketball-reference.com/req/202106291/images/headshots/bufkiko01.jpg
Seth Lundy,24,78,ATL,F,3,https://www.basketball-reference.com/req/202106291/images/headshots/lundyse01.jpg
Vit Krejci,24,80,ATL,G,27,https://www.basketball-reference.com/req/202106291/images/headshots/krejcvi01.jpg
Mouhamed Gueye,22,83,ATL,F,18,https://www.basketball-reference.com/req/202106291/images/headshots/gueyemo02.jpg
Dylan Windler,28,78,ATL,F,20,https://www.basketball-reference.com/req/202106291/images/headshots/windldy01.jpg
Payton Pritchard,26,73,BOS,G,11,https://www.basketball-reference.com/req/202106291/images/headshots/pritcpa01.jpg
Sam Hauser,27,80,BOS,F,30,https://www.basketball-reference.com/req/202106291/images/headshots/hausesa01.jpg
Jayson Tatum,26,80,BOS,F,0,https://www.basketball-reference.com/req/202106291/images/headshots/tatumja01.jpg
Derrick White,30,76,BOS,G,9,https://www.basketball-reference.com/req/202106291/images/headshots/whitede01.jpg
Jrue Holiday,34,76,BOS,G,4,https://www.basketball-reference.com/req/202106291/images/headshots/holidjr01.jpg
Jaylen Brown,28,78,BOS,F,7,https://www.basketball-reference.com/req/202106291/images/headshots/brownja02.jpg
Al Horford,38,81,BOS,C,42,https://www.basketball-reference.com/req/202106291/images/headshots/horfoal01.jpg
Luke Kornet,29,86,BOS,C,40,https://www.basketball-reference.com/req/202106291/images/headshots/kornelu01.jpg
Kristaps Porzingis,29,86,BOS,C,8,https://www.basketball-reference.com/req/202106291/images/headshots/porzikr01.jpg
Oshae Brissett,26,79,BOS,F,12,https://www.basketball-reference.com/req/202106291/images/headshots/brissos01.jpg
Svi Mykhailiuk,27,79,BOS,F,50,https://www.basketball-reference.com/req/202106291/images/headshots/mykhasv01.jpg
Neemias Queta,25,84,BOS,C,88,https://www.basketball-reference.com/req/202106291/images/headshots/quetane01.jpg
Jaden Springer,22,76,BOS,G,44,https://www.basketball-reference.com/req/202106291/images/headshots/sprinja01.jpg
Xavier Tillman Sr.,25,80,BOS,F,26,https://www.basketball-reference.com/req/202106291/images/headshots/tillmxa01.jpg
JD Davison,22,73,BOS,G,20,https://www.basketball-reference.com/req/202106291/images/headshots/davisjd01.jpg
Jordan Walsh,20,79,BOS,F,27,https://www.basketball-reference.com/req/202106291/images/headshots/walshjo01.jpg
Drew Peterson,25,81,BOS,F,13,https://www.basketball-reference.com/req/202106291/images/headshots/peterdr01.jpg
Mikal Bridges,28,78,BRK,F,1,https://www.basketball-reference.com/req/202106291/images/headshots/bridgmi01.jpg
Dorian Finney-Smith,31,79,BRK,F,28,https://www.basketball-reference.com/req/202106291/images/headshots/finnedo01.jpg
Nic Claxton,25,83,BRK,C,33,https://www.basketball-reference.com/req/202106291/images/headshots/claxtni01.jpg
Cam Thomas,23,76,BRK,G,24,https://www.basketball-reference.com/req/202106291/images/headshots/thomaca02.jpg
Cameron Johnson,28,80,BRK,F,2,https://www.basketball-reference.com/req/202106291/images/headshots/johnsca02.jpg
Dennis Smith Jr.,27,74,BRK,G,4,https://www.basketball-reference.com/req/202106291/images/headshots/smithde03.jpg
Day'Ron Sharpe,23,83,BRK,C,20,https://www.basketball-reference.com/req/202106291/images/headshots/sharpda01.jpg
Trendon Watford,24,81,BRK,F,9,https://www.basketball-reference.com/req/202106291/images/headshots/watfotr01.jpg
Lonnie Walker IV,26,76,BRK,G,8,https://www.basketball-reference.com/req/202106291/images/headshots/walkelo01.jpg
Jalen Wilson,24,80,BRK,F,22,https://www.basketball-reference.com/req/202106291/images/headshots/wilsoja03.jpg
Dennis Schroder,31,73,BRK,G,17,https://www.basketball-reference.com/req/202106291/images/headshots/schrode01.jpg
Ben Simmons,28,82,BRK,G,10,https://www.basketball-reference.com/req/202106291/images/headshots/simmobe01.jpg
Keita Bates-Diop,28,80,BRK,F,13,https://www.basketball-reference.com/req/202106291/images/headshots/bateske01.jpg
Noah Clowney,20,82,BRK,F,21,https://www.basketball-reference.com/req/202106291/images/headshots/clownno01.jpg
Keon Johnson,22,77,BRK,G,45,https://www.basketball-reference.com/req/202106291/images/headshots/johnske07.jpg
Dariq Whitehead,20,79,BRK,F,0,https://www.basketball-reference.com/req/202106291/images/headshots/whiteda01.jpg
Jaylen Martin,20,78,BRK,F,0,https://www.basketball-reference.com/req/202106291/images/headshots/martija02.jpg
Jacob Gilyard,26,69,BRK,G,0,https://www.basketball-reference.com/req/202106291/images/headshots/gilyaja01.jpg
Brandon Miller,22,81,CHO,F,24,https://www.basketball-reference.com/req/202106291/images/headshots/millebr02.jpg
Nick Richards,27,84,CHO,C,4,https://www.basketball-reference.com/req/202106291/images/headshots/richani01.jpg
Miles Bridges,26,79,CHO,F,0,https://www.basketball-reference.com/req/202106291/images/headshots/bridgmi02.jpg
JT Thor,22,82,CHO,F,21,https://www.basketball-reference.com/req/202106291/images/headshots/thorjt01.jpg
Bryce McGowens,22,79,CHO,G,7,https://www.basketball-reference.com/req/202106291/images/headshots/mcgowbr01.jpg
Nick Smith Jr.,20,77,CHO,G,8,https://www.basketball-reference.com/req/202106291/images/headshots/smithni01.jpg
Cody Martin,29,77,CHO,F,11,https://www.basketball-reference.com/req/202106291/images/headshots/martico01.jpg
LaMelo Ball,23,79,CHO,G,1,https://www.basketball-reference.com/req/202106291/images/headshots/ballla01.jpg
Leaky Black,25,81,CHO,F,12,https://www.basketball-reference.com/req/202106291/images/headshots/blackle01.jpg
Mark Williams,23,84,CHO,C,5,https://www.basketball-reference.com/req/202106291/images/headshots/willima07.jpg
Grant Williams,26,78,CHO,F,2,https://www.basketball-reference.com/req/202106291/images/headshots/willigr01.jpg
Vasilije Micic,30,77,CHO,G,22,https://www.basketball-reference.com/req/202106291/images/headshots/micicva01.jpg
Davis Bertans,32,82,CHO,F,9,https://www.basketball-reference.com/req/202106291/images/headshots/bertada01.jpg
Tre Mann,23,75,CHO,G,23,https://www.basketball-reference.com/req/202106291/images/headshots/manntr01.jpg
Seth Curry,34,73,CHO,G,30,https://www.basketball-reference.com/req/202106291/images/headshots/curryse01.jpg
Aleksej Pokusevski,23,84,CHO,F,17,https://www.basketball-reference.com/req/202106291/images/headshots/pokusal01.jpg
Amari Bailey,20,77,CHO,G,10,https://www.basketball-reference.com/req/202106291/images/headshots/baileam01.jpg
Marques Bolden,26,82,CHO,C,3,https://www.basketball-reference.com/req/202106291/images/headshots/boldema01.jpg
Andre Drummond,31,83,CHI,C,3,https://www.basketball-reference.com/req/202106291/images/headshots/drumman01.jpg
DeMar DeRozan,35,78,CHI,F,11,https://www.basketball-reference.com/req/202106291/images/headshots/derozde01.jpg
Coby White,24,77,CHI,G,0,https://www.basketball-reference.com/req/202106291/images/headshots/whiteco01.jpg
Ayo Dosunmu,24,77,CHI,G,12,https://www.basketball-reference.com/req/202106291/images/headshots/dosunay01.jpg
Jevon Carter,29,73,CHI,G,5,https://www.basketball-reference.com/req/202106291/images/headshots/carteje01.jpg
Nikola Vucevic,34,82,CHI,C,9,https://www.basketball-reference.com/req/202106291/images/headshots/vucevni01.jpg
Alex Caruso,30,77,CHI,G,6,https://www.basketball-reference.com/req/202106291/images/headshots/carusal01.jpg
Dalen Terry,22,79,CHI,G,25,https://www.basketball-reference.com/req/202106291/images/headshots/terryda01.jpg
Patrick Williams,23,79,CHI,F,44,https://www.basketball-reference.com/req/202106291/images/headshots/willipa01.jpg
Julian Phillips,21,80,CHI,F,15,https://www.basketball-reference.com/req/202106291/images/headshots/phillju01.jpg
Torrey Craig,34,79,CHI,F,13,https://www.basketball-reference.com/req/202106291/images/headshots/craigto01.jpg
Terry Taylor,25,77,CHI,F,32,https://www.basketball-reference.com/req/202106291/images/headshots/taylote01.jpg
Zach LaVine,29,77,CHI,G,8,https://www.basketball-reference.com/req/202106291/images/headshots/lavinza01.jpg
Onuralp Bitim,25,78,CHI,G,17,https://www.basketball-reference.com/req/202106291/images/headshots/bitimon01.jpg
Adama Sanogo,22,81,CHI,F,21,https://www.basketball-reference.com/req/202106291/images/headshots/sanogad01.jpg
Andrew Funk,25,77,CHI,G,30,
Henri Drell,24,81,CHI,F,77,https://www.basketball-reference.com/req/202106291/images/headshots/drellhe01.jpg
Lonzo Ball,27,78,CHI,G,0,https://www.basketball-reference.com/req/202106291/images/headshots/balllo01.jpg
Georges Niang,31,79,CLE,F,20,https://www.basketball-reference.com/req/202106291/images/headshots/niangge01.jpg
Jarrett Allen,26,83,CLE,C,31,https://www.basketball-reference.com/req/202106291/images/headshots/allenja01.jpg
Max Strus,28,77,CLE,F,1,https://www.basketball-reference.com/req/202106291/images/headshots/strusma01.jpg
Isaac Okoro,23,77,CLE,F,35,https://www.basketball-reference.com/req/202106291/images/headshots/okorois01.jpg
Caris LeVert,30,78,CLE,G,3,https://www.basketball-reference.com/req/202106291/images/headshots/leverca01.jpg
Dean Wade,28,81,CLE,F,32,https://www.basketball-reference.com/req/202106291/images/headshots/wadede01.jpg
Donovan Mitchell,28,75,CLE,G,45,https://www.basketball-reference.com/req/202106291/images/headshots/mitchdo01.jpg
Sam Merrill,28,76,CLE,G,5,https://www.basketball-reference.com/req/202106291/images/headshots/merrisa01.jpg
Darius Garland,24,73,CLE,G,10,https://www.basketball-reference.com/req/202106291/images/headshots/garlada01.jpg
Craig Porter Jr.,24,74,CLE,G,9,https://www.basketball-reference.com/req/202106291/images/headshots/portecr01.jpg
Evan Mobley,23,83,CLE,F,4,https://www.basketball-reference.com/req/202106291/images/headshots/mobleev01.jpg
Tristan Thompson,33,81,CLE,C,0,https://www.basketball-reference.com/req/202106291/images/headshots/thomptr01.jpg
Damian Jones,29,83,CLE,C,30,https://www.basketball-reference.com/req/202106291/images/headshots/jonesda03.jpg
Emoni Bates,20,82,CLE,F,21,https://www.basketball-reference.com/req/202106291/images/headshots/batesem01.jpg
Isaiah Mobley,25,80,CLE,F,15,https://www.basketball-reference.com/req/202106291/images/headshots/mobleis01.jpg
Pete Nance,24,83,CLE,F,8,https://www.basketball-reference.com/req/202106291/images/headshots/nancepe01.jpg
Ty Jerome,27,77,CLE,G,2,https://www.basketball-reference.com/req/202106291/images/headshots/jeromty01.jpg
Tim Hardaway Jr.,32,77,DAL,F,10,https://www.basketball-reference.com/req/202106291/images/headshots/hardati02.jpg
Derrick Jones Jr.,27,77,DAL,F,55,https://www.basketball-reference.com/req/202106291/images/headshots/jonesde02.jpg
Jaden Hardy,22,76,DAL,G,1,https://www.basketball-reference.com/req/202106291/images/headshots/hardyja02.jpg
Luka Doncic,25,79,DAL,G,77,https://www.basketball-reference.com/req/202106291/images/headshots/doncilu01.jpg
Josh Green,24,77,DAL,G,8,https://www.basketball-reference.com/req/202106291/images/headshots/greenjo02.jpg
Dwight Powell,33,82,DAL,C,7,https://www.basketball-reference.com/req/202106291/images/headshots/poweldw01.jpg
Dereck Lively II,20,85,DAL,C,2,https://www.basketball-reference.com/req/202106291/images/headshots/livelde01.jpg
Kyrie Irving,32,74,DAL,G,11,https://www.basketball-reference.com/req/202106291/images/headshots/irvinky01.jpg
Dante Exum,29,77,DAL,G,0,https://www.basketball-reference.com/req/202106291/images/headshots/exumda01.jpg
Olivier-Maxence Prosper,22,80,DAL,F,18,https://www.basketball-reference.com/req/202106291/images/headshots/prospol01.jpg
A.J. Lawson,24,78,DAL,G,9,https://www.basketball-reference.com/req/202106291/images/headshots/lawsoaj01.jpg
Maxi Kleber,32,82,DAL,C,42,https://www.basketball-reference.com/req/202106291/images/headshots/klebima01.jpg
Markieff Morris,35,81,DAL,F,88,https://www.basketball-reference.com/req/202106291/images/headshots/morrima02.jpg
Daniel Gafford,26,82,DAL,F,21,https://www.basketball-reference.com/req/202106291/images/headshots/gaffoda01.jpg
P.J. Washington,26,79,DAL,F,25,https://www.basketball-reference.com/req/202106291/images/headshots/washipj01.jpg
Brandon Williams,25,74,DAL,G,0,https://www.basketball-reference.com/req/202106291/images/headshots/willibr03.jpg
Greg Brown III,23,79,DAL,F,13,https://www.basketball-reference.com/req/202106291/images/headshots/browngr01.jpg
Alex Fudge,21,80,DAL,F,0,https://www.basketball-reference.com/req/202106291/images/headshots/fudgeal01.jpg
Reggie Jackson,34,74,DEN,G,7,https://www.basketball-reference.com/req/202106291/images/headshots/jacksre01.jpg
Christian Braun,23,78,DEN,G,0,https://www.basketball-reference.com/req/202106291/images/headshots/braunch01.jpg
Michael Porter Jr.,26,82,DEN,F,1,https://www.basketball-reference.com/req/202106291/images/headshots/portemi01.jpg
Nikola Jokic,29,83,DEN,C,15,https://www.basketball-reference.com/req/202106291/images/headshots/jokicni01.jpg
Peyton Watson,22,80,DEN,F,8,https://www.basketball-reference.com/req/202106291/images/headshots/watsope01.jpg
Aaron Gordon,29,80,DEN,F,50,https://www.basketball-reference.com/req/202106291/images/headshots/gordoaa01.jpg
Kentavious Caldwell-Pope,31,77,DEN,G,5,https://www.basketball-reference.com/req/202106291/images/headshots/caldwke01.jpg
Zeke Nnaji,23,81,DEN,F,22,https://www.basketball-reference.com/req/202106291/images/headshots/nnajize01.jpg
Jamal Murray,27,76,DEN,G,27,https://www.basketball-reference.com/req/202106291/images/headshots/murraja01.jpg
Justin Holiday,35,78,DEN,G,9,https://www.basketball-reference.com/req/202106291/images/headshots/holidju01.jpg
Julian Strawther,22,79,DEN,F,3,https://www.basketball-reference.com/req/202106291/images/headshots/strawju01.jpg
DeAndre Jordan,36,83,DEN,C,6,https://www.basketball-reference.com/req/202106291/images/headshots/jordade01.jpg
Jalen Pickett,25,76,DEN,G,24,https://www.basketball-reference.com/req/202106291/images/headshots/pickeja02.jpg
Collin Gillespie,25,73,DEN,G,21,https://www.basketball-reference.com/req/202106291/images/headshots/gilleco01.jpg
Braxton Key,27,80,DEN,F,11,https://www.basketball-reference.com/req/202106291/images/headshots/keybr01.jpg
Jay Huff,26,85,DEN,C,30,https://www.basketball-reference.com/req/202106291/images/headshots/huffja01.jpg
Hunter Tyson,24,80,DEN,F,4,https://www.basketball-reference.com/req/202106291/images/headshots/tysonhu01.jpg
Vlatko Cancar,27,80,DEN,F,0,https://www.basketball-reference.com/req/202106291/images/headshots/cancavl01.jpg
Jaden Ivey,22,76,DET,G,23,https://www.basketball-reference.com/req/202106291/images/headshots/iveyja01.jpg
Ausar Thompson,21,79,DET,F,9,https://www.basketball-reference.com/req/202106291/images/headshots/thompau01.jpg
Marcus Sasser,24,74,DET,G,25,https://www.basketball-reference.com/req/202106291/images/headshots/sassema01.jpg
Cade Cunningham,23,78,DET,G,2,https://www.basketball-reference.com/req/202106291/images/headshots/cunnica01.jpg
Jalen Duren,21,82,DET,C,0,https://www.basketball-reference.com/req/202106291/images/headshots/durenja01.jpg
James Wiseman,23,84,DET,C,13,https://www.basketball-reference.com/req/202106291/images/headshots/wisemja01.jpg
Isaiah Stewart,23,80,DET,F,28,https://www.basketball-reference.com/req/202106291/images/headshots/stewais01.jpg
Stanley Umude,25,78,DET,G,17,https://www.basketball-reference.com/req/202106291/images/headshots/umudest01.jpg
Simone Fontecchio,29,80,DET,F,19,https://www.basketball-reference.com/req/202106291/images/headshots/fontesi01.jpg
Evan Fournier,32,78,DET,G,31,https://www.basketball-reference.com/req/202106291/images/headshots/fournev01.jpg
Malachi Flynn,26,73,DET,G,14,https://www.basketball-reference.com/req/202106291/images/headshots/flynnma01.jpg
Troy Brown Jr.,25,78,DET,F,7,https://www.basketball-reference.com/req/202106291/images/headshots/browntr01.jpg
Quentin Grimes,24,77,DET,G,24,https://www.basketball-reference.com/req/202106291/images/headshots/grimequ01.jpg
Jared Rhoden,25,78,DET,G,8,https://www.basketball-reference.com/req/202106291/images/headshots/rhodeja01.jpg
Tosan Evbuomwan,23,80,DET,F,18,
Buddy Boeheim,25,78,DET,F,0,https://www.basketball-reference.com/req/202106291/images/headshots/boehebu01.jpg
Taj Gibson,39,81,DET,F,0,https://www.basketball-reference.com/req/202106291/images/headshots/gibsota01.jpg
Jonathan Kuminga,22,80,GSW,F,0,https://www.basketball-reference.com/req/202106291/images/headshots/kuminjo01.jpg
Klay Thompson,34,78,GSW,F,11,https://www.basketball-reference.com/req/202106291/images/headshots/thompkl01.jpg
Kevon Looney,28,81,GSW,C,5,https://www.basketball-reference.com/req/202106291/images/headshots/looneke01.jpg
Dario Saric,30,82,GSW,C,20,https://www.basketball-reference.com/req/202106291/images/headshots/saricda01.jpg
Stephen Curry,36,74,GSW,G,30,https://www.basketball-reference.com/req/202106291/images/headshots/curryst01.jpg
Brandin Podziemski,21,77,GSW,G,2,https://www.basketball-reference.com/req/202106291/images/headshots/podzibr01.jpg
Andrew Wiggins,29,79,GSW,F,22,https://www.basketball-reference.com/req/202106291/images/headshots/wiggian01.jpg
Trayce Jackson-Davis,24,81,GSW,F,32,https://www.basketball-reference.com/req/202106291/images/headshots/jackstr02.jpg
Moses Moody,22,78,GSW,G,4,https://www.basketball-reference.com/req/202106291/images/headshots/moodymo01.jpg
Chris Paul,39,72,GSW,G,3,https://www.basketball-reference.com/req/202106291/images/headshots/paulch01.jpg
Draymond Green,34,78,GSW,F,23,https://www.basketball-reference.com/req/202106291/images/headshots/greendr01.jpg
Gary Payton II,32,74,GSW,G,0,https://www.basketball-reference.com/req/202106291/images/headshots/paytoga02.jpg
Lester Quinones,24,77,GSW,G,25,https://www.basketball-reference.com/req/202106291/images/headshots/quinole01.jpg
Gui Santos,22,80,GSW,F,15,
Jerome Robinson,27,76,GSW,G,18,https://www.basketball-reference.com/req/202106291/images/headshots/robinje01.jpg
Usman Garuba,22,80,GSW,F,12,https://www.basketball-reference.com/req/202106291/images/headshots/garubus01.jpg
Pat Spencer,28,75,GSW,G,61,https://www.basketball-reference.com/req/202106291/images/headshots/spencpa01.jpg
Jalen Green,22,76,HOU,G,4,https://www.basketball-reference.com/req/202106291/images/headshots/greenja05.jpg
Aaron Holiday,28,72,HOU,G,0,https://www.basketball-reference.com/req/202106291/images/headshots/holidaa01.jpg
Alperen Sengun,22,83,HOU,C,28,https://www.basketball-reference.com/req/202106291/images/headshots/sengual01.jpg
Jeff Green,38,80,HOU,F,32,https://www.basketball-reference.com/req/202106291/images/headshots/greenje02.jpg
Jabari Smith Jr.,21,83,HOU,F,10,https://www.basketball-reference.com/req/202106291/images/headshots/smithja05.jpg
Fred VanVleet,30,72,HOU,G,5,https://www.basketball-reference.com/req/202106291/images/headshots/vanvlfr01.jpg
Dillon Brooks,28,78,HOU,F,9,https://www.basketball-reference.com/req/202106291/images/headshots/brookdi01.jpg
Jae'Sean Tate,29,76,HOU,F,8,https://www.basketball-reference.com/req/202106291/images/headshots/tateja01.jpg
Amen Thompson,21,79,HOU,F,1,https://www.basketball-reference.com/req/202106291/images/headshots/thompam01.jpg
Jock Landale,29,83,HOU,C,2,https://www.basketball-reference.com/req/202106291/images/headshots/landajo01.jpg
Cam Whitmore,20,79,HOU,F,7,https://www.basketball-reference.com/req/202106291/images/headshots/whitmca01.jpg
Reggie Bullock,33,78,HOU,F,25,https://www.basketball-reference.com/req/202106291/images/headshots/bullore01.jpg
Tari Eason,23,80,HOU,F,17,https://www.basketball-reference.com/req/202106291/images/headshots/easonta01.jpg
Jeenathan Williams,25,77,HOU,G,19,https://www.basketball-reference.com/req/202106291/images/headshots/willije02.jpg
Nate Hinton,25,77,HOU,G,14,https://www.basketball-reference.com/req/202106291/images/headshots/hintona01.jpg
Jermaine Samuels,26,79,HOU,F,0,https://www.basketball-reference.com/req/202106291/images/headshots/samueje01.jpg
Boban Marjanovic,36,88,HOU,C,51,https://www.basketball-reference.com/req/202106291/images/headshots/marjabo01.jpg
Steven Adams,31,83,HOU,C,0,https://www.basketball-reference.com/req/202106291/images/headshots/adamsst01.jpg
Obi Toppin,26,81,IND,F,1,https://www.basketball-reference.com/req/202106291/images/headshots/toppiob01.jpg
Myles Turner,28,83,IND,C,33,https://www.basketball-reference.com/req/202106291/images/headshots/turnemy01.jpg
Bennedict Mathurin,22,78,IND,F,0,https://www.basketball-reference.com/req/202106291/images/headshots/mathube01.jpg
Aaron Nesmith,25,77,IND,F,23,https://www.basketball-reference.com/req/202106291/images/headshots/nesmiaa01.jpg
T.J. McConnell,32,73,IND,G,9,https://www.basketball-reference.com/req/202106291/images/headshots/mccontj01.jpg
Tyrese Haliburton,24,77,IND,G,0,https://www.basketball-reference.com/req/202106291/images/headshots/halibty01.jpg
Andrew Nembhard,24,77,IND,G,2,https://www.basketball-reference.com/req/202106291/images/headshots/nembhan01.jpg
Isaiah Jackson,22,82,IND,C,22,https://www.basketball-reference.com/req/202106291/images/headshots/jacksis01.jpg
Jalen Smith,24,82,IND,C,25,https://www.basketball-reference.com/req/202106291/images/headshots/smithja04.jpg
Ben Sheppard,23,78,IND,G,26,https://www.basketball-reference.com/req/202106291/images/headshots/sheppbe01.jpg
Pascal Siakam,30,80,IND,F,43,https://www.basketball-reference.com/req/202106291/images/headshots/siakapa01.jpg
Jarace Walker,21,80,IND,F,5,https://www.basketball-reference.com/req/202106291/images/headshots/walkeja02.jpg
Kendall Brown,21,80,IND,G,10,https://www.basketball-reference.com/req/202106291/images/headshots/brownke03.jpg
Oscar Tshiebwe,25,81,IND,F,44,https://www.basketball-reference.com/req/202106291/images/headshots/tshieos01.jpg
Doug McDermott,32,78,IND,F,20,https://www.basketball-reference.com/req/202106291/images/headshots/mcderdo01.jpg
James Johnson,37,79,IND,F,16,https://www.basketball-reference.com/req/202106291/images/headshots/johnsja01.jpg
Quenton Jackson,26,77,IND,G,29,https://www.basketball-reference.com/req/202106291/images/headshots/jacksqu01.jpg
Isaiah Wong,23,76,IND,G,21,https://www.basketball-reference.com/req/202106291/images/headshots/wongis01.jpg
Norman Powell,31,75,LAC,G,24,https://www.basketball-reference.com/req/202106291/images/headshots/powelno01.jpg
Kawhi Leonard,33,79,LAC,F,2,https://www.basketball-reference.com/req/202106291/images/headshots/leonaka01.jpg
Paul George,34,80,LAC,F,13,https://www.basketball-reference.com/req/202106291/images/headshots/georgpa01.jpg
Terance Mann,28,77,LAC,G,14,https://www.basketball-reference.com/req/202106291/images/headshots/mannte01.jpg
James Harden,35,77,LAC,G,1,https://www.basketball-reference.com/req/202106291/images/headshots/hardeja01.jpg
Russell Westbrook,36,76,LAC,G,0,https://www.basketball-reference.com/req/202106291/images/headshots/westbru01.jpg
Ivica Zubac,27,84,LAC,C,40,https://www.basketball-reference.com/req/202106291/images/headshots/zubaciv01.jpg
Amir Coffey,27,79,LAC,F,7,https://www.basketball-reference.com/req/202106291/images/headshots/coffeam01.jpg
Daniel Theis,32,80,LAC,C,10,https://www.basketball-reference.com/req/202106291/images/headshots/theisda01.jpg
Kobe Brown,24,79,LAC,F,21,https://www.basketball-reference.com/req/202106291/images/headshots/brownko01.jpg
Mason Plumlee,34,82,LAC,C,44,https://www.basketball-reference.com/req/202106291/images/headshots/plumlma01.jpg
Bones Hyland,24,74,LAC,G,5,https://www.basketball-reference.com/req/202106291/images/headshots/hylanbo01.jpg
Brandon Boston Jr.,23,79,LAC,F,4,https://www.basketball-reference.com/req/202106291/images/headshots/bostobr01.jpg
P.J. Tucker,39,77,LAC,F,17,https://www.basketball-reference.com/req/202106291/images/headshots/tuckepj01.jpg
Moussa Diabate,22,83,LAC,C,25,https://www.basketball-reference.com/req/202106291/images/headshots/diabamo01.jpg
Jordan Miller,24,79,LAC,F,11,https://www.basketball-reference.com/req/202106291/images/headshots/millejo02.jpg
Xavier Moon,29,74,LAC,G,22,https://www.basketball-reference.com/req/202106291/images/headshots/moonxa01.jpg
Joshua Primo,22,78,LAC,G,12,https://www.basketball-reference.com/req/202106291/images/headshots/primojo01.jpg
Austin Reaves,26,77,LAL,G,15,https://www.basketball-reference.com/req/202106291/images/headshots/reaveau01.jpg
Taurean Prince,30,78,LAL,F,12,https://www.basketball-reference.com/req/202106291/images/headshots/princta02.jpg
Anthony Davis,31,82,LAL,C,3,https://www.basketball-reference.com/req/202106291/images/headshots/davisan02.jpg
D'Angelo Russell,28,75,LAL,G,1,https://www.basketball-reference.com/req/202106291/images/headshots/russeda01.jpg
LeBron James,40,81,LAL,F,23,https://www.basketball-reference.com/req/202106291/images/headshots/jamesle01.jpg
Jaxson Hayes,24,84,LAL,C,11,https://www.basketball-reference.com/req/202106291/images/headshots/hayesja02.jpg
Rui Hachimura,26,80,LAL,F,28,https://www.basketball-reference.com/req/202106291/images/headshots/hachiru01.jpg
Max Christie,21,78,LAL,G,10,https://www.basketball-reference.com/req/202106291/images/headshots/chrisma02.jpg
Christian Wood,29,80,LAL,F,35,https://www.basketball-reference.com/req/202106291/images/headshots/woodch01.jpg
Cam Reddish,25,80,LAL,F,5,https://www.basketball-reference.com/req/202106291/images/headshots/reddica01.jpg
Jarred Vanderbilt,25,80,LAL,F,2,https://www.basketball-reference.com/req/202106291/images/headshots/vandeja01.jpg
Maxwell Lewis,22,79,LAL,F,21,https://www.basketball-reference.com/req/202106291/images/headshots/lewisma05.jpg
Jalen Hood-Schifino,21,78,LAL,G,0,https://www.basketball-reference.com/req/202106291/images/headshots/hoodsja01.jpg
Spencer Dinwiddie,31,77,LAL,G,26,https://www.basketball-reference.com/req/202106291/images/headshots/dinwisp01.jpg
Skylar Mays,27,76,LAL,G,4,https://www.basketball-reference.com/req/202106291/images/headshots/mayssk01.jpg
Colin Castleton,24,83,LAL,C,14,https://www.basketball-reference.com/req/202106291/images/headshots/castlco01.jpg
Gabe Vincent,28,75,LAL,G,7,https://www.basketball-reference.com/req/202106291/images/headshots/vincega01.jpg
Harry Giles,26,83,LAL,C,20,https://www.basketball-reference.com/req/202106291/images/headshots/gilesha01.jpg
Jaren Jackson Jr.,25,82,MEM,C,13,https://www.basketball-reference.com/req/202106291/images/headshots/jacksja02.jpg
Santi Aldama,23,83,MEM,F,7,https://www.basketball-reference.com/req/202106291/images/headshots/aldamsa01.jpg
Vince Williams Jr.,24,76,MEM,G,5,https://www.basketball-reference.com/req/202106291/images/headshots/willivi01.jpg
John Konchar,28,77,MEM,F,46,https://www.basketball-reference.com/req/202106291/images/headshots/konchjo01.jpg
Ziaire Williams,23,81,MEM,F,8,https://www.basketball-reference.com/req/202106291/images/headshots/willizi02.jpg
Desmond Bane,26,77,MEM,G,22,https://www.basketball-reference.com/req/202106291/images/headshots/banede01.jpg
Luke Kennard,28,77,MEM,G,10,https://www.basketball-reference.com/req/202106291/images/headshots/kennalu01.jpg
GG Jackson II,20,81,MEM,F,45,https://www.basketball-reference.com/req/202106291/images/headshots/jacksgg01.jpg
Derrick Rose,36,75,MEM,G,23,https://www.basketball-reference.com/req/202106291/images/headshots/rosede01.jpg
Jake LaRavia,23,80,MEM,F,3,https://www.basketball-reference.com/req/202106291/images/headshots/laravja01.jpg
Marcus Smart,30,75,MEM,G,36,https://www.basketball-reference.com/req/202106291/images/headshots/smartma01.jpg
Trey Jemison,25,83,MEM,C,55,
Lamar Stevens,27,78,MEM,F,24,https://www.basketball-reference.com/req/202106291/images/headshots/stevela01.jpg
Ja Morant,25,74,MEM,G,12,https://www.basketball-reference.com/req/202106291/images/headshots/moranja01.jpg
Scotty Pippen Jr.,24,73,MEM,G,1,https://www.basketball-reference.com/req/202106291/images/headshots/pippesc02.jpg
Jordan Goodwin,26,75,MEM,G,4,https://www.basketball-reference.com/req/202106291/images/headshots/goodwjo01.jpg
Wenyen Gabriel,27,81,MEM,F,32,https://www.basketball-reference.com/req/202106291/images/headshots/gabriwe01.jpg
Yuta Watanabe,30,81,MEM,F,18,https://www.basketball-reference.com/req/202106291/images/headshots/watanyu01.jpg
DeJon Jarreau,26,77,MEM,G,77,https://www.basketball-reference.com/req/202106291/images/headshots/jarrede01.jpg
Brandon Clarke,28,80,MEM,F,0,https://www.basketball-reference.com/req/202106291/images/headshots/clarkbr01.jpg
Duncan Robinson,30,79,MIA,F,55,https://www.basketball-reference.com/req/202106291/images/headshots/robindu01.jpg
Jaime Jaquez Jr.,23,78,MIA,F,11,https://www.basketball-reference.com/req/202106291/images/headshots/jaqueja01.jpg
Bam Adebayo,27,81,MIA,C,13,https://www.basketball-reference.com/req/202106291/images/headshots/adebaba01.jpg
Haywood Highsmith,28,79,MIA,F,24,https://www.basketball-reference.com/req/202106291/images/headshots/highsha01.jpg
Caleb Martin,29,77,MIA,F,16,https://www.basketball-reference.com/req/202106291/images/headshots/martica02.jpg
Jimmy Butler,35,79,MIA,F,22,https://www.basketball-reference.com/req/202106291/images/headshots/butleji01.jpg
Kevin Love,36,80,MIA,F,42,https://www.basketball-reference.com/req/202106291/images/headshots/loveke01.jpg
Josh Richardson,31,77,MIA,G,0,https://www.basketball-reference.com/req/202106291/images/headshots/richajo01.jpg
Tyler Herro,24,77,MIA,G,14,https://www.basketball-reference.com/req/202106291/images/headshots/herroty01.jpg
Nikola Jovic,21,82,MIA,F,5,https://www.basketball-reference.com/req/202106291/images/headshots/jovicni01.jpg
Thomas Bryant,27,82,MIA,C,31,https://www.basketball-reference.com/req/202106291/images/headshots/bryanth01.jpg
Orlando Robinson,24,84,MIA,C,25,https://www.basketball-reference.com/req/202106291/images/headshots/robinor01.jpg
Terry Rozier,30,73,MIA,G,2,https://www.basketball-reference.com/req/202106291/images/headshots/roziete01.jpg
Jamal Cain,25,79,MIA,F,8,https://www.basketball-reference.com/req/202106291/images/headshots/cainja01.jpg
Cole Swider,25,81,MIA,F,21,https://www.basketball-reference.com/req/202106291/images/headshots/swideco01.jpg
Patty Mills,36,74,MIA,G,88,https://www.basketball-reference.com/req/202106291/images/headshots/millspa02.jpg
Delon Wright,32,77,MIA,G,4,https://www.basketball-reference.com/req/202106291/images/headshots/wrighde01.jpg
Alondes Williams,25,76,MIA,G,15,https://www.basketball-reference.com/req/202106291/images/headshots/willial06.jpg
Bobby Portis,29,82,MIL,F,9,https://www.basketball-reference.com/req/202106291/images/headshots/portibo01.jpg
Brook Lopez,36,85,MIL,C,11,https://www.basketball-reference.com/req/202106291/images/headshots/lopezbr01.jpg
Malik Beasley,28,76,MIL,G,5,https://www.basketball-reference.com/req/202106291/images/headshots/beaslma01.jpg
Giannis Antetokounmpo,30,83,MIL,F,34,https://www.basketball-reference.com/req/202106291/images/headshots/antetgi01.jpg
Damian Lillard,34,74,MIL,G,0,https://www.basketball-reference.com/req/202106291/images/headshots/lillada01.jpg
Pat Connaughton,31,77,MIL,F,24,https://www.basketball-reference.com/req/202106291/images/headshots/connapa01.jpg
Andre Jackson Jr.,23,78,MIL,G,44,https://www.basketball-reference.com/req/202106291/images/headshots/jacksan01.jpg
A.J. Green,25,76,MIL,G,20,https://www.basketball-reference.com/req/202106291/images/headshots/greenaj01.jpg
MarJon Beauchamp,24,78,MIL,F,3,https://www.basketball-reference.com/req/202106291/images/headshots/beaucma01.jpg
Khris Middleton,33,79,MIL,F,22,https://www.basketball-reference.com/req/202106291/images/headshots/middlkh01.jpg
Jae Crowder,34,78,MIL,F,99,https://www.basketball-reference.com/req/202106291/images/headshots/crowdja01.jpg
Thanasis Antetokounmpo,32,79,MIL,F,43,https://www.basketball-reference.com/req/202106291/images/headshots/antetth01.jpg
Patrick Beverley,36,74,MIL,G,21,https://www.basketball-reference.com/req/202106291/images/headshots/beverpa01.jpg
Chris Livingston,21,78,MIL,F,7,https://www.basketball-reference.com/req/202106291/images/headshots/livinch01.jpg
Danilo Gallinari,36,82,MIL,F,12,https://www.basketball-reference.com/req/202106291/images/headshots/gallida01.jpg
TyTy Washington Jr.,23,75,MIL,G,23,https://www.basketball-reference.com/req/202106291/images/headshots/washity02.jpg
Ryan Rollins,22,76,MIL,G,0,https://www.basketball-reference.com/req/202106291/images/headshots/rolliry01.jpg
Jaylin Galloway,22,79,MIL,F,0,
Naz Reid,25,81,MIN,C,11,https://www.basketball-reference.com/req/202106291/images/headshots/reidna01.jpg
Nickeil Alexander-Walker,26,77,MIN,G,9,https://www.basketball-reference.com/req/202106291/images/headshots/alexani01.jpg
Anthony Edwards,23,76,MIN,G,5,https://www.basketball-reference.com/req/202106291/images/headshots/edwaran01.jpg
Kyle Anderson,31,81,MIN,F,1,https://www.basketball-reference.com/req/202106291/images/headshots/anderky01.jpg
Rudy Gobert,32,85,MIN,C,27,https://www.basketball-reference.com/req/202106291/images/headshots/goberru01.jpg
Mike Conley,37,72,MIN,G,10,https://www.basketball-reference.com/req/202106291/images/headshots/conlemi01.jpg
Karl-Anthony Towns,29,84,MIN,F,32,https://www.basketball-reference.com/req/202106291/images/headshots/townska01.jpg
Jaden McDaniels,24,81,MIN,F,3,https://www.basketball-reference.com/req/202106291/images/headshots/mcdanja02.jpg
Jordan McLaughlin,28,72,MIN,G,6,https://www.basketball-reference.com/req/202106291/images/headshots/mclaujo01.jpg
Josh Minott,22,80,MIN,F,8,https://www.basketball-reference.com/req/202106291/images/headshots/minotjo01.jpg
Wendell Moore Jr.,23,77,MIN,G,7,https://www.basketball-reference.com/req/202106291/images/headshots/moorewe01.jpg
Luka Garza,26,82,MIN,C,55,https://www.basketball-reference.com/req/202106291/images/headshots/garzalu01.jpg
Monte Morris,29,74,MIN,G,23,https://www.basketball-reference.com/req/202106291/images/headshots/morrimo01.jpg
Daishen Nix,22,77,MIN,G,12,https://www.basketball-reference.com/req/202106291/images/headshots/nixda01.jpg
Leonard Miller,21,82,MIN,F,33,https://www.basketball-reference.com/req/202106291/images/headshots/millele01.jpg
T.J. Warren,31,80,MIN,F,24,https://www.basketball-reference.com/req/202106291/images/headshots/warretj01.jpg
Jaylen Clark,23,77,MIN,G,0,https://www.basketball-reference.com/req/202106291/images/headshots/clarkja02.jpg
Jonas Valanciunas,32,83,NOP,C,17,https://www.basketball-reference.com/req/202106291/images/headshots/valanjo01.jpg
Brandon Ingram,27,80,NOP,F,14,https://www.basketball-reference.com/req/202106291/images/headshots/ingrabr01.jpg
Herbert Jones,26,80,NOP,F,5,https://www.basketball-reference.com/req/202106291/images/headshots/joneshe01.jpg
Jordan Hawkins,22,77,NOP,G,24,https://www.basketball-reference.com/req/202106291/images/headshots/hawkijo01.jpg
Zion Williamson,24,78,NOP,F,1,https://www.basketball-reference.com/req/202106291/images/headshots/willizi01.jpg
Naji Marshall,26,79,NOP,F,8,https://www.basketball-reference.com/req/202106291/images/headshots/marshna01.jpg
Dyson Daniels,21,80,NOP,G,11,https://www.basketball-reference.com/req/202106291/images/headshots/daniedy01.jpg
CJ McCollum,33,75,NOP,G,3,https://www.basketball-reference.com/req/202106291/images/headshots/mccolcj01.jpg
Larry Nance Jr.,31,80,NOP,C,22,https://www.basketball-reference.com/req/202106291/images/headshots/nancela02.jpg
Jose Alvarado,26,72,NOP,G,15,https://www.basketball-reference.com/req/202106291/images/headshots/alvarjo01.jpg
Trey Murphy III,24,80,NOP,F,25,https://www.basketball-reference.com/req/202106291/images/headshots/murphtr02.jpg
Cody Zeller,32,83,NOP,C,40,https://www.basketball-reference.com/req/202106291/images/headshots/zelleco01.jpg
Jeremiah Robinson-Earl,24,81,NOP,F,50,https://www.basketball-reference.com/req/202106291/images/headshots/robinje02.jpg
Matt Ryan,27,78,NOP,F,37,https://www.basketball-reference.com/req/202106291/images/headshots/ryanma01.jpg
E.J. Liddell,24,79,NOP,F,32,https://www.basketball-reference.com/req/202106291/images/headshots/liddeej01.jpg
Dereon Seabron,24,79,NOP,G,0,https://www.basketball-reference.com/req/202106291/images/headshots/seabrde01.jpg
Izaiah Brockington,25,76,NOP,G,21,
Malcolm Hill,29,78,NOP,F,0,https://www.basketball-reference.com/req/202106291/images/headshots/hillma01.jpg
Donte DiVincenzo,27,76,NYK,G,0,https://www.basketball-reference.com/req/202106291/images/headshots/divindo01.jpg
Josh Hart,29,76,NYK,F,3,https://www.basketball-reference.com/req/202106291/images/headshots/hartjo01.jpg
Jalen Brunson,28,74,NYK,G,11,https://www.basketball-reference.com/req/202106291/images/headshots/brunsja01.jpg
Isaiah Hartenstein,26,84,NYK,C,55,https://www.basketball-reference.com/req/202106291/images/headshots/harteis01.jpg
Miles McBride,24,74,NYK,G,2,https://www.basketball-reference.com/req/202106291/images/headshots/mcbrimi01.jpg
Julius Randle,30,80,NYK,F,30,https://www.basketball-reference.com/req/202106291/images/headshots/randlju01.jpg
Jericho Sims,26,82,NYK,C,45,https://www.basketball-reference.com/req/202106291/images/headshots/simsje01.jpg
Precious Achiuwa,25,80,NYK,F,5,https://www.basketball-reference.com/req/202106291/images/headshots/achiupr01.jpg
Mitchell Robinson,26,84,NYK,C,23,https://www.basketball-reference.com/req/202106291/images/headshots/robinmi01.jpg
OG Anunoby,27,79,NYK,F,8,https://www.basketball-reference.com/req/202106291/images/headshots/anunoog01.jpg
Alec Burks,33,78,NYK,G,18,https://www.basketball-reference.com/req/202106291/images/headshots/burksal01.jpg
Bojan Bogdanovic,35,79,NYK,F,44,https://www.basketball-reference.com/req/202106291/images/headshots/bogdabo02.jpg
Jacob Toppin,24,81,NYK,F,0,https://www.basketball-reference.com/req/202106291/images/headshots/toppija01.jpg
Charlie Brown Jr.,27,78,NYK,G,0,https://www.basketball-reference.com/req/202106291/images/headshots/brownch02.jpg
Shake Milton,28,77,NYK,G,13,https://www.basketball-reference.com/req/202106291/images/headshots/miltosh01.jpg
Duane Washington Jr.,24,75,NYK,G,0,https://www.basketball-reference.com/req/202106291/images/headshots/washidu02.jpg
Chet Holmgren,22,85,OKC,C,7,https://www.basketball-reference.com/req/202106291/images/headshots/holmgch01.jpg
Cason Wallace,21,76,OKC,G,22,https://www.basketball-reference.com/req/202106291/images/headshots/wallaca01.jpg
Shai Gilgeous-Alexander,26,78,OKC,G,2,https://www.basketball-reference.com/req/202106291/images/headshots/gilgesh01.jpg
Josh Giddey,22,80,OKC,G,3,https://www.basketball-reference.com/req/202106291/images/headshots/giddejo01.jpg
Luguentz Dort,25,75,OKC,F,5,https://www.basketball-reference.com/req/202106291/images/headshots/dortlu01.jpg
Aaron Wiggins,25,78,OKC,G,21,https://www.basketball-reference.com/req/202106291/images/headshots/wiggiaa01.jpg
Isaiah Joe,25,76,OKC,G,11,https://www.basketball-reference.com/req/202106291/images/headshots/joeis01.jpg
Jalen Williams,23,77,OKC,F,8,https://www.basketball-reference.com/req/202106291/images/headshots/willija06.jpg
Kenrich Williams,30,78,OKC,F,34,https://www.basketball-reference.com/req/202106291/images/headshots/willike04.jpg
Jaylin Williams,22,81,OKC,C,6,https://www.basketball-reference.com/req/202106291/images/headshots/willija07.jpg
Ousmane Dieng,21,82,OKC,F,13,https://www.basketball-reference.com/req/202106291/images/headshots/diengou01.jpg
Lindy Waters III,27,78,OKC,G,12,https://www.basketball-reference.com/req/202106291/images/headshots/waterli01.jpg
Olivier Sarr,25,84,OKC,C,30,https://www.basketball-reference.com/req/202106291/images/headshots/sarrol01.jpg
Gordon Hayward,34,79,OKC,F,33,https://www.basketball-reference.com/req/202106291/images/headshots/haywago01.jpg
Keyontae Johnson,24,77,OKC,F,18,https://www.basketball-reference.com/req/202106291/images/headshots/johnske08.jpg
Mike Muscala,33,82,OKC,C,50,https://www.basketball-reference.com/req/202106291/images/headshots/muscami01.jpg
Bismack Biyombo,32,80,OKC,C,15,https://www.basketball-reference.com/req/202106291/images/headshots/biyombi01.jpg
Adam Flagler,25,75,OKC,G,14,
Cole Anthony,24,74,ORL,G,50,https://www.basketball-reference.com/req/202106291/images/headshots/anthoco01.jpg
Paolo Banchero,22,82,ORL,F,5,https://www.basketball-reference.com/req/202106291/images/headshots/banchpa01.jpg
Moritz Wagner,27,83,ORL,C,21,https://www.basketball-reference.com/req/202106291/images/headshots/wagnemo01.jpg
Jalen Suggs,23,77,ORL,G,4,https://www.basketball-reference.com/req/202106291/images/headshots/suggsja01.jpg
Anthony Black,20,79,ORL,G,0,https://www.basketball-reference.com/req/202106291/images/headshots/blackan01.jpg
Franz Wagner,23,82,ORL,F,22,https://www.basketball-reference.com/req/202106291/images/headshots/wagnefr01.jpg
Goga Bitadze,25,83,ORL,C,35,https://www.basketball-reference.com/req/202106291/images/headshots/bitadgo01.jpg
Joe Ingles,37,81,ORL,F,7,https://www.basketball-reference.com/req/202106291/images/headshots/inglejo01.jpg
Caleb Houstan,21,80,ORL,F,2,https://www.basketball-reference.com/req/202106291/images/headshots/houstca01.jpg
Jonathan Isaac,27,82,ORL,F,1,https://www.basketball-reference.com/req/202106291/images/headshots/isaacjo01.jpg
Gary Harris,30,76,ORL,G,14,https://www.basketball-reference.com/req/202106291/images/headshots/harriga01.jpg
Wendell Carter Jr.,25,82,ORL,C,34,https://www.basketball-reference.com/req/202106291/images/headshots/cartewe01.jpg
Chuma Okeke,26,78,ORL,F,3,https://www.basketball-reference.com/req/202106291/images/headshots/okekech01.jpg
Markelle Fultz,26,76,ORL,G,20,https://www.basketball-reference.com/req/202106291/images/headshots/fultzma01.jpg
Admiral Schofield,27,77,ORL,F,25,https://www.basketball-reference.com/req/202106291/images/headshots/schofad01.jpg
Jett Howard,21,80,ORL,F,13,https://www.basketball-reference.com/req/202106291/images/headshots/howarje01.jpg
Trevelin Queen,27,78,ORL,G,12,https://www.basketball-reference.com/req/202106291/images/headshots/queentr01.jpg
Kevon Harris,27,77,ORL,G,8,https://www.basketball-reference.com/req/202106291/images/headshots/harrike01.jpg
Paul Reed,25,81,PHI,C,44,https://www.basketball-reference.com/req/202106291/images/headshots/reedpa01.jpg
Tobias Harris,32,80,PHI,F,12,https://www.basketball-reference.com/req/202106291/images/headshots/harrito02.jpg
Tyrese Maxey,24,74,PHI,G,0,https://www.basketball-reference.com/req/202106291/images/headshots/maxeyty01.jpg
Kelly Oubre Jr.,29,79,PHI,F,9,https://www.basketball-reference.com/req/202106291/images/headshots/oubreke01.jpg
KJ Martin,23,78,PHI,F,1,https://www.basketball-reference.com/req/202106291/images/headshots/martike04.jpg
Mo Bamba,26,84,PHI,C,0,https://www.basketball-reference.com/req/202106291/images/headshots/bambamo01.jpg
Nicolas Batum,36,80,PHI,F,40,https://www.basketball-reference.com/req/202106291/images/headshots/batumni01.jpg
De'Anthony Melton,26,74,PHI,G,8,https://www.basketball-reference.com/req/202106291/images/headshots/meltode01.jpg
Joel Embiid,30,84,PHI,C,21,https://www.basketball-reference.com/req/202106291/images/headshots/embiijo01.jpg
Robert Covington,34,79,PHI,F,33,https://www.basketball-reference.com/req/202106291/images/headshots/covinro01.jpg
Ricky Council IV,23,78,PHI,G,16,https://www.basketball-reference.com/req/202106291/images/headshots/councri01.jpg
Buddy Hield,32,76,PHI,G,17,https://www.basketball-reference.com/req/202106291/images/headshots/hieldbu01.jpg
Cameron Payne,30,75,PHI,G,22,https://www.basketball-reference.com/req/202106291/images/headshots/payneca01.jpg
Terquavion Smith,22,76,PHI,G,23,https://www.basketball-reference.com/req/202106291/images/headshots/smithte01.jpg
Kyle Lowry,38,72,PHI,G,7,https://www.basketball-reference.com/req/202106291/images/headshots/lowryky01.jpg
Jeff Dowtin,27,75,PHI,G,11,https://www.basketball-reference.com/req/202106291/images/headshots/dowtije01.jpg
Jusuf Nurkic,30,84,PHO,C,20,https://www.basketball-reference.com/req/202106291/images/headshots/nurkiju01.jpg
Grayson Allen,29,76,PHO,G,8,https://www.basketball-reference.com/req/202106291/images/headshots/allengr01.jpg
Drew Eubanks,27,81,PHO,C,14,https://www.basketball-reference.com/req/202106291/images/headshots/eubandr01.jpg
Kevin Durant,36,83,PHO,F,35,https://www.basketball-reference.com/req/202106291/images/headshots/duranke01.jpg
Eric Gordon,36,75,PHO,G,23,https://www.basketball-reference.com/req/202106291/images/headshots/gordoer01.jpg
Devin Booker,28,78,PHO,G,1,https://www.basketball-reference.com/req/202106291/images/headshots/bookede01.jpg
Josh Okogie,26,76,PHO,G,2,https://www.basketball-reference.com/req/202106291/images/headshots/okogijo01.jpg
Bradley Beal,31,76,PHO,G,3,https://www.basketball-reference.com/req/202106291/images/headshots/bealbr01.jpg
Nassir Little,24,77,PHO,F,25,https://www.basketball-reference.com/req/202106291/images/headshots/littlna01.jpg
Bol Bol,25,87,PHO,F,11,https://www.basketball-reference.com/req/202106291/images/headshots/bolbo01.jpg
Saben Lee,25,74,PHO,G,38,https://www.basketball-reference.com/req/202106291/images/headshots/leesa01.jpg
Royce O'Neale,31,76,PHO,F,0,https://www.basketball-reference.com/req/202106291/images/headshots/onealro01.jpg
Udoka Azubuike,25,82,PHO,C,27,https://www.basketball-reference.com/req/202106291/images/headshots/azubuud01.jpg
David Roddy,23,76,PHO,F,21,https://www.basketball-reference.com/req/202106291/images/headshots/roddyda01.jpg
Thaddeus Young,36,80,PHO,F,30,https://www.basketball-reference.com/req/202106291/images/headshots/youngth01.jpg
Ish Wainright,30,78,PHO,F,12,https://www.basketball-reference.com/req/202106291/images/headshots/wainris01.jpg
Damion Lee,32,77,PHO,G,0,https://www.basketball-reference.com/req/202106291/images/headshots/leeda03.jpg
Toumani Camara,24,80,POR,F,33,https://www.basketball-reference.com/req/202106291/images/headshots/camarto01.jpg
Matisse Thybulle,27,77,POR,F,4,https://www.basketball-reference.com/req/202106291/images/headshots/thybuma01.jpg
Jabari Walker,22,81,POR,F,34,https://www.basketball-reference.com/req/202106291/images/headshots/walkeja01.jpg
Jerami Grant,30,79,POR,F,9,https://www.basketball-reference.com/req/202106291/images/headshots/grantje01.jpg
Duop Reath,28,83,POR,C,26,https://www.basketball-reference.com/req/202106291/images/headshots/reathdu01.jpg
Scoot Henderson,20,75,POR,G,0,https://www.basketball-reference.com/req/202106291/images/headshots/hendesc01.jpg
Kris Murray,24,80,POR,F,8,https://www.basketball-reference.com/req/202106291/images/headshots/murrakr01.jpg
Deandre Ayton,26,84,POR,C,2,https://www.basketball-reference.com/req/202106291/images/headshots/aytonde01.jpg
Anfernee Simons,25,75,POR,G,1,https://www.basketball-reference.com/req/202106291/images/headshots/simonan01.jpg
Malcolm Brogdon,32,76,POR,G,11,https://www.basketball-reference.com/req/202106291/images/headshots/brogdma01.jpg
Shaedon Sharpe,21,78,POR,G,17,https://www.basketball-reference.com/req/202106291/images/headshots/sharpsh01.jpg
Rayan Rupert,20,78,POR,G,72,https://www.basketball-reference.com/req/202106291/images/headshots/ruperra01.jpg
Justin Minaya,25,77,POR,F,24,https://www.basketball-reference.com/req/202106291/images/headshots/minayju01.jpg
Ibou Badji,22,85,POR,C,41,https://www.basketball-reference.com/req/202106291/images/headshots/badjiib01.jpg
Dalano Banton,25,81,POR,G,5,https://www.basketball-reference.com/req/202106291/images/headshots/bantoda01.jpg
Moses Brown,25,86,POR,C,10,https://www.basketball-reference.com/req/202106291/images/headshots/brownmo01.jpg
Ashton Hagans,25,75,POR,G,19,https://www.basketball-reference.com/req/202106291/images/headshots/haganas01.jpg
Robert Williams,27,81,POR,C,35,https://www.basketball-reference.com/req/202106291/images/headshots/williro04.jpg
Domantas Sabonis,28,82,SAC,C,10,https://www.basketball-reference.com/req/202106291/images/headshots/sabondo01.jpg
Harrison Barnes,32,80,SAC,F,40,https://www.basketball-reference.com/req/202106291/images/headshots/barneha02.jpg
Malik Monk,26,75,SAC,G,0,https://www.basketball-reference.com/req/202106291/images/headshots/monkma01.jpg
Kevin Huerter,26,79,SAC,G,9,https://www.basketball-reference.com/req/202106291/images/headshots/huertke01.jpg
Keegan Murray,24,80,SAC,F,13,https://www.basketball-reference.com/req/202106291/images/headshots/murrake02.jpg
De'Aaron Fox,27,75,SAC,G,5,https://www.basketball-reference.com/req/202106291/images/headshots/foxde01.jpg
Davion Mitchell,26,74,SAC,G,15,https://www.basketball-reference.com/req/202106291/images/headshots/mitchda01.jpg
Trey Lyles,29,81,SAC,F,41,https://www.basketball-reference.com/req/202106291/images/headshots/lylestr01.jpg
Chris Duarte,27,78,SAC,F,3,https://www.basketball-reference.com/req/202106291/images/headshots/duartch01.jpg
Kessler Edwards,24,80,SAC,F,17,https://www.basketball-reference.com/req/202106291/images/headshots/edwarke02.jpg
Keon Ellis,24,78,SAC,G,23,https://www.basketball-reference.com/req/202106291/images/headshots/elliske01.jpg
JaVale McGee,36,84,SAC,C,0,https://www.basketball-reference.com/req/202106291/images/headshots/mcgeeja01.jpg
Sasha Vezenkov,29,81,SAC,F,7,https://www.basketball-reference.com/req/202106291/images/headshots/vezenal01.jpg
Alex Len,31,84,SAC,C,25,https://www.basketball-reference.com/req/202106291/images/headshots/lenal01.jpg
Colby Jones,22,78,SAC,G,20,https://www.basketball-reference.com/req/202106291/images/headshots/jonesco02.jpg
Jordan Ford,26,73,SAC,G,31,https://www.basketball-reference.com/req/202106291/images/headshots/fordjo01.jpg
Jalen Slawson,25,79,SAC,F,18,https://www.basketball-reference.com/req/202106291/images/headshots/slawsja01.jpg
Mason Jones,26,76,SAC,G,8,https://www.basketball-reference.com/req/202106291/images/headshots/jonesma05.jpg
Jeremy Sochan,21,80,SAS,F,10,https://www.basketball-reference.com/req/202106291/images/headshots/sochaje01.jpg
Cedi Osman,29,79,SAS,F,16,https://www.basketball-reference.com/req/202106291/images/headshots/osmande01.jpg
Keldon Johnson,25,77,SAS,F,3,https://www.basketball-reference.com/req/202106291/images/headshots/johnske04.jpg
Tre Jones,24,73,SAS,G,33,https://www.basketball-reference.com/req/202106291/images/headshots/jonestr01.jpg
Malaki Branham,21,76,SAS,G,22,https://www.basketball-reference.com/req/202106291/images/headshots/branhma01.jpg
Devin Vassell,24,77,SAS,G,24,https://www.basketball-reference.com/req/202106291/images/headshots/vassede01.jpg
Victor Wembanyama,20,88,SAS,C,1,https://www.basketball-reference.com/req/202106291/images/headshots/wembavi01.jpg
Julian Champagnie,23,80,SAS,F,30,https://www.basketball-reference.com/req/202106291/images/headshots/champju02.jpg
Zach Collins,27,83,SAS,C,23,https://www.basketball-reference.com/req/202106291/images/headshots/colliza01.jpg
Blake Wesley,21,77,SAS,G,14,https://www.basketball-reference.com/req/202106291/images/headshots/weslebl01.jpg
Sandro Mamukelashvili,25,83,SAS,C,54,https://www.basketball-reference.com/req/202106291/images/headshots/mamuksa01.jpg
Dominick Barlow,21,81,SAS,F,26,https://www.basketball-reference.com/req/202106291/images/headshots/barlodo01.jpg
Charles Bassey,24,82,SAS,C,28,https://www.basketball-reference.com/req/202106291/images/headshots/bassech01.jpg
Devonte' Graham,29,73,SAS,G,4,https://www.basketball-reference.com/req/202106291/images/headshots/grahade01.jpg
Sidy Cissoko,20,80,SAS,F,25,https://www.basketball-reference.com/req/202106291/images/headshots/cissosi01.jpg
David Duke Jr.,25,77,SAS,G,0,https://www.basketball-reference.com/req/202106291/images/headshots/dukeda01.jpg
Jamaree Bouyea,25,74,SAS,G,0,https://www.basketball-reference.com/req/202106291/images/headshots/bouyeja01.jpg
RaiQuan Gray,25,80,SAS,F,0,https://www.basketball-reference.com/req/202106291/images/headshots/grayra01.jpg
Gary Trent Jr.,25,77,TOR,G,33,https://www.basketball-reference.com/req/202106291/images/headshots/trentga02.jpg
Scottie Barnes,23,79,TOR,G,4,https://www.basketball-reference.com/req/202106291/images/headshots/barnesc01.jpg
Jakob Poeltl,29,84,TOR,C,19,https://www.basketball-reference.com/req/202106291/images/headshots/poeltja01.jpg
Chris Boucher,31,81,TOR,F,25,https://www.basketball-reference.com/req/202106291/images/headshots/bouchch01.jpg
Gradey Dick,21,78,TOR,G,1,https://www.basketball-reference.com/req/202106291/images/headshots/dickgr01.jpg
Jalen McDaniels,26,81,TOR,F,2,https://www.basketball-reference.com/req/202106291/images/headshots/mcdanja01.jpg
Immanuel Quickley,25,75,TOR,G,5,https://www.basketball-reference.com/req/202106291/images/headshots/quickim01.jpg
RJ Barrett,24,78,TOR,G,9,https://www.basketball-reference.com/req/202106291/images/headshots/barrerj01.jpg
Jontay Porter,25,83,TOR,F,0,https://www.basketball-reference.com/req/202106291/images/headshots/portejo01.jpg
Bruce Brown,28,76,TOR,G,11,https://www.basketball-reference.com/req/202106291/images/headshots/brownbr01.jpg
Jordan Nwora,26,80,TOR,F,13,https://www.basketball-reference.com/req/202106291/images/headshots/nworajo01.jpg
Kelly Olynyk,33,83,TOR,C,41,https://www.basketball-reference.com/req/202106291/images/headshots/olynyke01.jpg
Ochai Agbaji,24,77,TOR,G,30,https://www.basketball-reference.com/req/202106291/images/headshots/agbajoc01.jpg
Garrett Temple,38,77,TOR,G,14,https://www.basketball-reference.com/req/202106291/images/headshots/templga01.jpg
Javon Freeman-Liberty,25,76,TOR,G,0,https://www.basketball-reference.com/req/202106291/images/headshots/freemja01.jpg
Jahmi'us Ramsey,23,75,TOR,G,37,https://www.basketball-reference.com/req/202106291/images/headshots/ramseja01.jpg
D.J. Carton,24,74,TOR,G,3,
Mouhamadou Gueye,26,81,TOR,F,16,https://www.basketball-reference.com/req/202106291/images/headshots/gueyemo01.jpg
Collin Sexton,25,75,UTA,G,2,https://www.basketball-reference.com/req/202106291/images/headshots/sextoco01.jpg
John Collins,27,81,UTA,F,20,https://www.basketball-reference.com/req/202106291/images/headshots/collijo01.jpg
Keyonte George,21,76,UTA,G,3,https://www.basketball-reference.com/req/202106291/images/headshots/georgke01.jpg
Kris Dunn,30,75,UTA,G,11,https://www.basketball-reference.com/req/202106291/images/headshots/dunnkr01.jpg
Walker Kessler,23,84,UTA,C,24,https://www.basketball-reference.com/req/202106291/images/headshots/kesslwa01.jpg
Jordan Clarkson,32,75,UTA,G,0,https://www.basketball-reference.com/req/202106291/images/headshots/clarkjo01.jpg
Lauri Markkanen,27,84,UTA,F,23,https://www.basketball-reference.com/req/202106291/images/headshots/markkla01.jpg
Talen Horton-Tucker,24,76,UTA,G,5,https://www.basketball-reference.com/req/202106291/images/headshots/hortota01.jpg
Omer Yurtseven,26,84,UTA,C,77,https://www.basketball-reference.com/req/202106291/images/headshots/yurtsom01.jpg
Luka Samanic,24,82,UTA,F,19,https://www.basketball-reference.com/req/202106291/images/headshots/samanlu01.jpg
Taylor Hendricks,21,81,UTA,F,0,https://www.basketball-reference.com/req/202106291/images/headshots/hendrita01.jpg
Brice Sensabaugh,21,78,UTA,F,8,https://www.basketball-reference.com/req/202106291/images/headshots/sensabr01.jpg
Johnny Juzang,23,79,UTA,G,33,https://www.basketball-reference.com/req/202106291/images/headshots/juzanjo01.jpg
Micah Potter,26,82,UTA,F,25,https://www.basketball-reference.com/req/202106291/images/headshots/pottemi01.jpg
Jason Preston,25,76,UTA,G,10,https://www.basketball-reference.com/req/202106291/images/headshots/prestja01.jpg
Kira Lewis Jr.,23,73,UTA,G,13,https://www.basketball-reference.com/req/202106291/images/headshots/lewiski01.jpg
Taevion Kinsey,24,77,UTA,G,0,
Kenneth Lofton Jr.,22,79,UTA,F,0,https://www.basketball-reference.com/req/202106291/images/headshots/loftoke01.jpg
Jordan Poole,25,76,WAS,G,13,https://www.basketball-reference.com/req/202106291/images/headshots/poolejo01.jpg
Corey Kispert,25,79,WAS,F,24,https://www.basketball-reference.com/req/202106291/images/headshots/kispeco01.jpg
Tyus Jones,28,73,WAS,G,5,https://www.basketball-reference.com/req/202106291/images/headshots/jonesty01.jpg
Kyle Kuzma,29,81,WAS,F,33,https://www.basketball-reference.com/req/202106291/images/headshots/kuzmaky01.jpg
Deni Avdija,23,81,WAS,F,8,https://www.basketball-reference.com/req/202106291/images/headshots/avdijde01.jpg
Bilal Coulibaly,20,78,WAS,F,0,https://www.basketball-reference.com/req/202106291/images/headshots/coulibi01.jpg
Landry Shamet,27,76,WAS,G,20,https://www.basketball-reference.com/req/202106291/images/headshots/shamela01.jpg
Anthony Gill,32,79,WAS,F,16,https://www.basketball-reference.com/req/202106291/images/headshots/gillan01.jpg
Johnny Davis,22,77,WAS,G,1,https://www.basketball-reference.com/req/202106291/images/headshots/davisjo06.jpg
Eugene Omoruyi,27,79,WAS,F,97,https://www.basketball-reference.com/req/202106291/images/headshots/omorueu01.jpg
Jared Butler,24,75,WAS,G,4,https://www.basketball-reference.com/req/202106291/images/headshots/butleja02.jpg
Patrick Baldwin Jr.,22,81,WAS,F,7,https://www.basketball-reference.com/req/202106291/images/headshots/baldwpa01.jpg
Marvin Bagley III,25,82,WAS,C,35,https://www.basketball-reference.com/req/202106291/images/headshots/baglema01.jpg
Richaun Holmes,31,82,WAS,F,22,https://www.basketball-reference.com/req/202106291/images/headshots/holmeri01.jpg
Jules Bernard,24,79,WAS,G,14,https://www.basketball-reference.com/req/202106291/images/headshots/bernaju01.jpg
Justin Champagnie,23,78,WAS,F,9,https://www.basketball-reference.com/req/202106291/images/headshots/champju01.jpg
R.J. Hampton,23,76,WAS,G,0,https://www.basketball-reference.com/req/202106291/images/headshots/hamptrj01.jpg
Isaiah Livers,26,79,WAS,F,0,https://www.basketball-reference.com/req/202106291/images/headshots/liveris01.jpg
